run,engine,configuration,probe,temperature,top_p,top_k,pass,thinking,concurrency,context_tokens,output_tokens,total_tok_s,median_stream_tok_s,median_ttft_s,status
tensorfold,TensorFold,"recipe 1.0.1, 40 slots",greedy_1k,0.0,1.0,off,1,off,1,1036,400,233.4,233.4,0.352,measured
tensorfold,TensorFold,"recipe 1.0.1, 40 slots",greedy_1k,0.0,1.0,off,1,off,8,1036,400,745.8,92.1,0.349,measured
tensorfold,TensorFold,"recipe 1.0.1, 40 slots",greedy_1k,0.0,1.0,off,1,off,12,1036,400,884.8,71.9,0.389,measured
tensorfold,TensorFold,"recipe 1.0.1, 40 slots",greedy_1k,0.0,1.0,off,1,off,16,1036,400,999.5,62.9,0.444,measured
tensorfold,TensorFold,"recipe 1.0.1, 40 slots",long_context_sampled,1.0,1.0,off,1,"on, effort max",4,56398,2000,39.8,10.0,29.327,measured
tensorfold,TensorFold,"recipe 1.0.1, 40 slots",long_context_sampled,1.0,0.95,off,1,"on, effort max",4,56398,2000,323.9,80.6,0.58,measured
tensorfold,TensorFold,"recipe 1.0.1, 40 slots",long_context_sampled,1.0,0.95,off,1,"on, effort max",8,56398,2000,434.1,52.9,1.089,measured
tensorfold,TensorFold,"recipe 1.0.1, 40 slots",long_context_sampled,1.0,0.95,off,1,"on, effort max",16,56398,2000,480.0,29.3,2.214,measured
vllm_links_on_16,Jovian Judgement r24,"16 slots, GPU links on, thinking-switch template",greedy_1k,0.0,1.0,off,1,off,1,1036,400,230.4,230.4,0.302,measured
vllm_links_on_16,Jovian Judgement r24,"16 slots, GPU links on, thinking-switch template",greedy_1k,0.0,1.0,off,1,off,8,1036,400,763.1,94.1,0.845,measured
vllm_links_on_16,Jovian Judgement r24,"16 slots, GPU links on, thinking-switch template",greedy_1k,0.0,1.0,off,1,off,12,1036,400,927.6,77.4,0.927,measured
vllm_links_on_16,Jovian Judgement r24,"16 slots, GPU links on, thinking-switch template",greedy_1k,0.0,1.0,off,1,off,16,1036,400,1062.0,65.8,1.637,measured
vllm_links_on_16,Jovian Judgement r24,"16 slots, GPU links on, thinking-switch template",long_context_sampled,1.0,1.0,off,1,"on, effort max",4,56398,2000,578.9,142.4,5.946,measured
vllm_links_on_16,Jovian Judgement r24,"16 slots, GPU links on, thinking-switch template",long_context_sampled,1.0,1.0,off,1,"on, effort max",8,56398,2000,804.8,96.7,2.569,measured
vllm_links_on_16,Jovian Judgement r24,"16 slots, GPU links on, thinking-switch template",long_context_sampled,1.0,1.0,off,1,"on, effort max",12,56398,2000,958.4,78.0,4.053,measured
vllm_links_on_16,Jovian Judgement r24,"16 slots, GPU links on, thinking-switch template",long_context_sampled,1.0,1.0,off,1,"on, effort max",16,56398,2000,1135.4,69.2,5.609,measured
vllm_links_on_16,Jovian Judgement r24,"16 slots, GPU links on, thinking-switch template",long_context_sampled,1.0,0.95,off,1,"on, effort max",4,56398,2000,538.8,135.7,1.12,measured
vllm_links_on_16,Jovian Judgement r24,"16 slots, GPU links on, thinking-switch template",long_context_sampled,1.0,0.95,off,1,"on, effort max",8,56398,2000,805.5,99.9,2.566,measured
vllm_links_on_16,Jovian Judgement r24,"16 slots, GPU links on, thinking-switch template",long_context_sampled,1.0,0.95,off,1,"on, effort max",16,56398,2000,1141.0,71.4,5.632,measured
vllm_links_off_16_before,Jovian Judgement r24,"16 slots, GPU links off, stock template, before the IOMMU change",greedy_1k,0.0,1.0,off,1,off,1,1042,400,240.5,240.5,0.229,measured
vllm_links_off_16_before,Jovian Judgement r24,"16 slots, GPU links off, stock template, before the IOMMU change",greedy_1k,0.0,1.0,off,1,off,8,1042,400,801.3,100.3,1.254,measured
vllm_links_off_16_before,Jovian Judgement r24,"16 slots, GPU links off, stock template, before the IOMMU change",greedy_1k,0.0,1.0,off,1,off,12,1042,400,877.9,71.7,1.241,measured
vllm_links_off_16_before,Jovian Judgement r24,"16 slots, GPU links off, stock template, before the IOMMU change",greedy_1k,0.0,1.0,off,1,off,16,1042,400,1015.4,63.0,2.462,measured
vllm_links_off_16_before,Jovian Judgement r24,"16 slots, GPU links off, stock template, before the IOMMU change",long_context_sampled,1.0,1.0,off,1,"on, effort max",4,56398,2000,507.9,126.1,9.391,measured
vllm_links_off_16_before,Jovian Judgement r24,"16 slots, GPU links off, stock template, before the IOMMU change",long_context_sampled,1.0,1.0,off,1,"on, effort max",8,56398,2000,739.5,91.9,3.969,measured
vllm_links_off_16_before,Jovian Judgement r24,"16 slots, GPU links off, stock template, before the IOMMU change",long_context_sampled,1.0,1.0,off,1,"on, effort max",12,56397,2000,850.2,69.5,6.189,measured
vllm_links_off_16_before,Jovian Judgement r24,"16 slots, GPU links off, stock template, before the IOMMU change",long_context_sampled,1.0,1.0,off,1,"on, effort max",16,56398,2000,946.0,58.9,8.575,measured
vllm_links_off_8,Jovian Judgement r24,"8 slots, GPU links off, stock template",long_context_sampled,1.0,1.0,off,1,"on, effort max",4,56398,2000,561.4,141.0,1.583,measured
vllm_links_off_8,Jovian Judgement r24,"8 slots, GPU links off, stock template",long_context_sampled,1.0,1.0,off,1,"on, effort max",8,56398,2000,720.7,89.5,3.798,measured
vllm_links_on_8,Jovian Judgement r24,"8 slots, GPU links on, stock template",long_context_sampled,1.0,1.0,off,1,"on, effort max",4,56398,2000,574.2,143.1,1.098,measured
vllm_links_on_8,Jovian Judgement r24,"8 slots, GPU links on, stock template",long_context_sampled,1.0,1.0,off,1,"on, effort max",8,56398,2000,833.9,104.4,2.527,measured
official_default_16,Official vLLM 0.31.0,"16 slots, default kernels and all-reduce, first pass",greedy_1k,0.0,1.0,off,1,off,1,1036,400,163.1,163.1,0.232,measured
official_default_16,Official vLLM 0.31.0,"16 slots, default kernels and all-reduce, first pass",greedy_1k,0.0,1.0,off,1,off,8,1036,400,571.7,72.0,1.538,measured
official_default_16,Official vLLM 0.31.0,"16 slots, default kernels and all-reduce, first pass",greedy_1k,0.0,1.0,off,1,off,12,1036,400,721.5,59.6,1.513,measured
official_default_16,Official vLLM 0.31.0,"16 slots, default kernels and all-reduce, first pass",greedy_1k,0.0,1.0,off,1,off,16,1036,400,847.6,53.3,2.156,measured
official_default_16,Official vLLM 0.31.0,"16 slots, default kernels and all-reduce, first pass",long_context_sampled,1.0,1.0,off,1,"on, effort max",4,56398,2000,382.2,90.1,1.646,measured
official_default_16,Official vLLM 0.31.0,"16 slots, default kernels and all-reduce, first pass",long_context_sampled,1.0,1.0,off,1,"on, effort max",8,56398,2000,512.7,61.4,2.639,measured
official_default_16,Official vLLM 0.31.0,"16 slots, default kernels and all-reduce, first pass",long_context_sampled,1.0,1.0,off,1,"on, effort max",12,56398,2000,664.9,54.1,3.625,measured
official_default_16,Official vLLM 0.31.0,"16 slots, default kernels and all-reduce, first pass",long_context_sampled,1.0,1.0,off,1,"on, effort max",16,56398,2000,771.6,47.3,4.733,measured
official_default_16,Official vLLM 0.31.0,"16 slots, default kernels and all-reduce, first pass",long_context_sampled,1.0,0.95,off,1,"on, effort max",4,56398,2000,378.0,93.8,2.881,measured
official_default_16,Official vLLM 0.31.0,"16 slots, default kernels and all-reduce, first pass",long_context_sampled,1.0,0.95,off,1,"on, effort max",8,56398,2000,551.7,67.1,2.758,measured
official_default_16,Official vLLM 0.31.0,"16 slots, default kernels and all-reduce, first pass",long_context_sampled,1.0,0.95,off,1,"on, effort max",16,56398,2000,819.6,50.7,4.774,measured
official_pcie_16,Official vLLM 0.31.0,"16 slots, PCIe all-reduce on, sampled drafts, 22 capture sizes, first pass",greedy_1k,0.0,1.0,off,1,off,1,1036,400,190.0,190.0,0.236,measured
official_pcie_16,Official vLLM 0.31.0,"16 slots, PCIe all-reduce on, sampled drafts, 22 capture sizes, first pass",greedy_1k,0.0,1.0,off,1,off,8,1036,400,610.2,78.6,1.566,measured
official_pcie_16,Official vLLM 0.31.0,"16 slots, PCIe all-reduce on, sampled drafts, 22 capture sizes, first pass",greedy_1k,0.0,1.0,off,1,off,12,1036,400,780.7,63.9,1.54,measured
official_pcie_16,Official vLLM 0.31.0,"16 slots, PCIe all-reduce on, sampled drafts, 22 capture sizes, first pass",greedy_1k,0.0,1.0,off,1,off,16,1036,400,930.8,57.8,2.188,measured
official_pcie_16,Official vLLM 0.31.0,"16 slots, PCIe all-reduce on, sampled drafts, 22 capture sizes, first pass",long_context_sampled,1.0,1.0,off,1,"on, effort max",4,56398,2000,445.3,110.5,1.606,measured
official_pcie_16,Official vLLM 0.31.0,"16 slots, PCIe all-reduce on, sampled drafts, 22 capture sizes, first pass",long_context_sampled,1.0,1.0,off,1,"on, effort max",8,56398,2000,660.3,81.9,2.679,measured
official_pcie_16,Official vLLM 0.31.0,"16 slots, PCIe all-reduce on, sampled drafts, 22 capture sizes, first pass",long_context_sampled,1.0,1.0,off,1,"on, effort max",12,56398,2000,813.4,64.7,3.756,measured
official_pcie_16,Official vLLM 0.31.0,"16 slots, PCIe all-reduce on, sampled drafts, 22 capture sizes, first pass",long_context_sampled,1.0,1.0,off,1,"on, effort max",16,56398,2000,961.8,59.4,4.691,measured
official_pcie_16,Official vLLM 0.31.0,"16 slots, PCIe all-reduce on, sampled drafts, 22 capture sizes, first pass",long_context_sampled,1.0,0.95,off,1,"on, effort max",4,56398,2000,462.3,116.1,2.911,measured
official_pcie_16,Official vLLM 0.31.0,"16 slots, PCIe all-reduce on, sampled drafts, 22 capture sizes, first pass",long_context_sampled,1.0,0.95,off,1,"on, effort max",8,56398,2000,640.4,78.5,2.655,measured
official_pcie_16,Official vLLM 0.31.0,"16 slots, PCIe all-reduce on, sampled drafts, 22 capture sizes, first pass",long_context_sampled,1.0,0.95,off,1,"on, effort max",16,56398,2000,945.6,58.4,4.717,measured
jovian_r281_16,Jovian Judgement r28.1,"16 slots, GPU links on, thinking-switch template, session 5",greedy_1k,0.0,1.0,off,1,off,1,1036,400,227.4,227.4,0.324,measured
jovian_r281_16,Jovian Judgement r28.1,"16 slots, GPU links on, thinking-switch template, session 5",greedy_1k,0.0,1.0,off,1,off,8,1036,400,742.3,91.8,0.986,measured
jovian_r281_16,Jovian Judgement r28.1,"16 slots, GPU links on, thinking-switch template, session 5",greedy_1k,0.0,1.0,off,1,off,12,1036,400,895.6,76.0,1.055,measured
jovian_r281_16,Jovian Judgement r28.1,"16 slots, GPU links on, thinking-switch template, session 5",greedy_1k,0.0,1.0,off,1,off,16,1036,400,1031.2,64.0,1.85,measured
jovian_r281_16_aligned,Jovian Judgement r28.1,"16 slots, GPU links on, thinking-switch template, checkpoint policy aligned, session 5",greedy_1k,0.0,1.0,off,1,off,1,1036,400,232.7,232.7,0.34,measured
jovian_r281_16_aligned,Jovian Judgement r28.1,"16 slots, GPU links on, thinking-switch template, checkpoint policy aligned, session 5",greedy_1k,0.0,1.0,off,1,off,8,1036,400,751.7,93.9,0.915,measured
jovian_r281_16_aligned,Jovian Judgement r28.1,"16 slots, GPU links on, thinking-switch template, checkpoint policy aligned, session 5",greedy_1k,0.0,1.0,off,1,off,12,1036,400,889.6,72.8,0.921,measured
jovian_r281_16_aligned,Jovian Judgement r28.1,"16 slots, GPU links on, thinking-switch template, checkpoint policy aligned, session 5",greedy_1k,0.0,1.0,off,1,off,16,1036,400,1007.3,63.5,1.666,measured
jovian_r281_16_aligned,Jovian Judgement r28.1,"16 slots, GPU links on, thinking-switch template, checkpoint policy aligned, session 5",long_context_sampled,1.0,1.0,off,1,"on, effort max",4,56398,2000,561.8,139.2,1.086,measured
jovian_r281_16_aligned,Jovian Judgement r28.1,"16 slots, GPU links on, thinking-switch template, checkpoint policy aligned, session 5",long_context_sampled,1.0,1.0,off,1,"on, effort max",8,56398,2000,794.9,97.2,2.576,measured
jovian_r281_16_aligned,Jovian Judgement r28.1,"16 slots, GPU links on, thinking-switch template, checkpoint policy aligned, session 5",long_context_sampled,1.0,1.0,off,1,"on, effort max",12,56398,2000,938.7,79.3,4.094,measured
jovian_r281_16_aligned,Jovian Judgement r28.1,"16 slots, GPU links on, thinking-switch template, checkpoint policy aligned, session 5",long_context_sampled,1.0,1.0,off,1,"on, effort max",16,56398,2000,1091.6,67.4,5.667,measured
jovian_r281_16_aligned,Jovian Judgement r28.1,"16 slots, GPU links on, thinking-switch template, checkpoint policy aligned, session 5",long_context_sampled,1.0,0.95,off,1,"on, effort max",4,56398,2000,577.7,142.0,1.091,measured
jovian_r281_16_aligned,Jovian Judgement r28.1,"16 slots, GPU links on, thinking-switch template, checkpoint policy aligned, session 5",long_context_sampled,1.0,0.95,off,1,"on, effort max",8,56398,2000,798.8,100.3,2.574,measured
jovian_r281_16_aligned,Jovian Judgement r28.1,"16 slots, GPU links on, thinking-switch template, checkpoint policy aligned, session 5",long_context_sampled,1.0,0.95,off,1,"on, effort max",16,56398,2000,1089.0,65.7,5.666,measured
jovian_r38_16,Jovian Judgement r38,"16 slots, GPU links on, thinking-switch template, session 6",greedy_1k,0.0,1.0,off,1,off,1,1036,400,225.2,225.2,0.294,measured
jovian_r38_16,Jovian Judgement r38,"16 slots, GPU links on, thinking-switch template, session 6",greedy_1k,0.0,1.0,off,1,off,8,1036,400,775.5,98.9,0.936,measured
jovian_r38_16,Jovian Judgement r38,"16 slots, GPU links on, thinking-switch template, session 6",greedy_1k,0.0,1.0,off,1,off,12,1036,400,892.2,73.2,0.962,measured
jovian_r38_16,Jovian Judgement r38,"16 slots, GPU links on, thinking-switch template, session 6",greedy_1k,0.0,1.0,off,1,off,16,1036,400,1033.8,63.9,1.674,measured
jovian_r38_16_aligned,Jovian Judgement r38,"16 slots, GPU links on, thinking-switch template, checkpoint policy aligned, session 6",greedy_1k,0.0,1.0,off,1,off,1,1036,400,236.2,236.2,0.185,measured
jovian_r38_16_aligned,Jovian Judgement r38,"16 slots, GPU links on, thinking-switch template, checkpoint policy aligned, session 6",greedy_1k,0.0,1.0,off,1,off,8,1036,400,775.6,94.6,0.969,measured
jovian_r38_16_aligned,Jovian Judgement r38,"16 slots, GPU links on, thinking-switch template, checkpoint policy aligned, session 6",greedy_1k,0.0,1.0,off,1,off,12,1036,400,968.0,78.7,0.781,measured
jovian_r38_16_aligned,Jovian Judgement r38,"16 slots, GPU links on, thinking-switch template, checkpoint policy aligned, session 6",greedy_1k,0.0,1.0,off,1,off,16,1036,400,1046.5,65.4,1.559,measured
jovian_r38_16_aligned,Jovian Judgement r38,"16 slots, GPU links on, thinking-switch template, checkpoint policy aligned, session 6",long_context_sampled,1.0,1.0,off,1,"on, effort max",4,56398,2000,561.5,142.2,1.068,measured
jovian_r38_16_aligned,Jovian Judgement r38,"16 slots, GPU links on, thinking-switch template, checkpoint policy aligned, session 6",long_context_sampled,1.0,1.0,off,1,"on, effort max",8,56398,2000,798.9,98.8,2.552,measured
jovian_r38_16_aligned,Jovian Judgement r38,"16 slots, GPU links on, thinking-switch template, checkpoint policy aligned, session 6",long_context_sampled,1.0,1.0,off,1,"on, effort max",12,56398,2000,955.8,77.3,4.07,measured
jovian_r38_16_aligned,Jovian Judgement r38,"16 slots, GPU links on, thinking-switch template, checkpoint policy aligned, session 6",long_context_sampled,1.0,1.0,off,1,"on, effort max",16,56398,2000,1054.0,64.8,5.986,measured
jovian_r38_16_aligned,Jovian Judgement r38,"16 slots, GPU links on, thinking-switch template, checkpoint policy aligned, session 6",long_context_sampled,1.0,0.95,off,1,"on, effort max",4,56398,2000,555.4,137.7,1.052,measured
jovian_r38_16_aligned,Jovian Judgement r38,"16 slots, GPU links on, thinking-switch template, checkpoint policy aligned, session 6",long_context_sampled,1.0,0.95,off,1,"on, effort max",8,56398,2000,779.9,96.3,2.57,measured
jovian_r38_16_aligned,Jovian Judgement r38,"16 slots, GPU links on, thinking-switch template, checkpoint policy aligned, session 6",long_context_sampled,1.0,0.95,off,1,"on, effort max",16,56398,2000,1063.6,65.2,5.628,measured
vllm_links_on_16_session6,Jovian Judgement r24,"16 slots, GPU links on, thinking-switch template, session 6",greedy_1k,0.0,1.0,off,1,off,1,1036,400,226.1,226.1,0.291,measured
vllm_links_on_16_session6,Jovian Judgement r24,"16 slots, GPU links on, thinking-switch template, session 6",greedy_1k,0.0,1.0,off,1,off,8,1036,400,763.9,96.1,0.912,measured
vllm_links_on_16_session6,Jovian Judgement r24,"16 slots, GPU links on, thinking-switch template, session 6",greedy_1k,0.0,1.0,off,1,off,12,1036,400,925.6,77.3,0.939,measured
vllm_links_on_16_session6,Jovian Judgement r24,"16 slots, GPU links on, thinking-switch template, session 6",greedy_1k,0.0,1.0,off,1,off,16,1036,400,1043.5,65.1,1.665,measured
vllm_links_on_16_session6,Jovian Judgement r24,"16 slots, GPU links on, thinking-switch template, session 6",long_context_sampled,1.0,1.0,off,1,"on, effort max",4,56398,2000,559.2,139.4,6.243,measured
vllm_links_on_16_session6,Jovian Judgement r24,"16 slots, GPU links on, thinking-switch template, session 6",long_context_sampled,1.0,1.0,off,1,"on, effort max",8,56398,2000,821.0,102.0,2.634,measured
vllm_links_on_16_session6,Jovian Judgement r24,"16 slots, GPU links on, thinking-switch template, session 6",long_context_sampled,1.0,1.0,off,1,"on, effort max",12,56398,2000,927.1,78.2,4.11,measured
vllm_links_on_16_session6,Jovian Judgement r24,"16 slots, GPU links on, thinking-switch template, session 6",long_context_sampled,1.0,1.0,off,1,"on, effort max",16,56398,2000,1087.1,68.1,5.717,measured
vllm_links_on_16_session6,Jovian Judgement r24,"16 slots, GPU links on, thinking-switch template, session 6",long_context_sampled,1.0,0.95,off,1,"on, effort max",4,56398,2000,534.7,130.9,1.11,measured
vllm_links_on_16_session6,Jovian Judgement r24,"16 slots, GPU links on, thinking-switch template, session 6",long_context_sampled,1.0,0.95,off,1,"on, effort max",8,56398,2000,798.8,97.7,2.582,measured
vllm_links_on_16_session6,Jovian Judgement r24,"16 slots, GPU links on, thinking-switch template, session 6",long_context_sampled,1.0,0.95,off,1,"on, effort max",16,56398,2000,1076.0,67.4,5.688,measured
tensorfold_session3,TensorFold,"recipe 1.0.1, 40 slots, session 3",long_context_sampled,1.0,0.95,20,1,"on, effort max",4,56398,2000,479.5,115.9,24.175,measured
tensorfold_session3,TensorFold,"recipe 1.0.1, 40 slots, session 3",long_context_sampled,1.0,0.95,20,1,"on, effort max",8,56398,2000,656.4,82.9,1.327,measured
tensorfold_session3,TensorFold,"recipe 1.0.1, 40 slots, session 3",long_context_sampled,1.0,0.95,20,1,"on, effort max",16,56398,2000,781.6,45.9,2.325,measured
tensorfold_session3,TensorFold,"recipe 1.0.1, 40 slots, session 3",long_context_sampled,1.0,0.95,off,1,"on, effort max",4,56398,2000,325.5,77.0,0.584,measured
tensorfold_session3,TensorFold,"recipe 1.0.1, 40 slots, session 3",long_context_sampled,1.0,0.95,off,1,"on, effort max",8,56398,2000,420.6,47.7,1.319,measured
tensorfold_session3,TensorFold,"recipe 1.0.1, 40 slots, session 3",long_context_sampled,1.0,0.95,off,1,"on, effort max",16,56398,2000,483.7,30.1,2.314,measured
tensorfold_session3,TensorFold,"recipe 1.0.1, 40 slots, session 3",long_context_sampled,1.0,0.95,20,2,"on, effort max",4,56398,2000,463.2,101.2,0.587,measured
tensorfold_session3,TensorFold,"recipe 1.0.1, 40 slots, session 3",long_context_sampled,1.0,0.95,20,2,"on, effort max",8,56398,2000,677.8,77.7,1.239,measured
tensorfold_session3,TensorFold,"recipe 1.0.1, 40 slots, session 3",long_context_sampled,1.0,0.95,20,2,"on, effort max",16,56398,2000,774.9,48.8,2.13,measured
vllm_links_on_16_session3,Jovian Judgement r24,"16 slots, GPU links on, thinking-switch template, session 3",long_context_sampled,1.0,0.95,20,1,"on, effort max",4,56398,2000,588.1,148.7,5.765,measured
vllm_links_on_16_session3,Jovian Judgement r24,"16 slots, GPU links on, thinking-switch template, session 3",long_context_sampled,1.0,0.95,20,1,"on, effort max",8,56398,2000,823.3,102.3,2.534,measured
vllm_links_on_16_session3,Jovian Judgement r24,"16 slots, GPU links on, thinking-switch template, session 3",long_context_sampled,1.0,0.95,20,1,"on, effort max",16,56398,2000,1130.2,68.1,5.514,measured
vllm_links_on_16_session3,Jovian Judgement r24,"16 slots, GPU links on, thinking-switch template, session 3",long_context_sampled,1.0,0.95,off,1,"on, effort max",4,56398,2000,564.1,136.3,1.089,measured
vllm_links_on_16_session3,Jovian Judgement r24,"16 slots, GPU links on, thinking-switch template, session 3",long_context_sampled,1.0,0.95,off,1,"on, effort max",8,56398,2000,784.6,97.2,2.57,measured
vllm_links_on_16_session3,Jovian Judgement r24,"16 slots, GPU links on, thinking-switch template, session 3",long_context_sampled,1.0,0.95,off,1,"on, effort max",16,56398,2000,1138.8,70.1,5.621,measured
vllm_links_on_16_session3,Jovian Judgement r24,"16 slots, GPU links on, thinking-switch template, session 3",long_context_sampled,1.0,0.95,20,2,"on, effort max",4,56398,2000,539.6,136.6,1.124,measured
vllm_links_on_16_session3,Jovian Judgement r24,"16 slots, GPU links on, thinking-switch template, session 3",long_context_sampled,1.0,0.95,20,2,"on, effort max",8,56398,2000,826.7,100.2,2.587,measured
vllm_links_on_16_session3,Jovian Judgement r24,"16 slots, GPU links on, thinking-switch template, session 3",long_context_sampled,1.0,0.95,20,2,"on, effort max",16,56398,2000,1114.9,69.9,5.629,measured
jovian_r281_16_topk,Jovian Judgement r28.1,"16 slots, GPU links on, thinking-switch template, session 5",long_context_sampled,1.0,0.95,20,1,"on, effort max",4,56398,2000,,,26.008,no_overlap
jovian_r281_16_topk,Jovian Judgement r28.1,"16 slots, GPU links on, thinking-switch template, session 5",long_context_sampled,1.0,0.95,20,1,"on, effort max",8,56398,2000,,,49.382,no_overlap
jovian_r281_16_topk,Jovian Judgement r28.1,"16 slots, GPU links on, thinking-switch template, session 5",long_context_sampled,1.0,0.95,20,1,"on, effort max",16,56398,2000,,,99.998,no_overlap
jovian_r281_16_topk,Jovian Judgement r28.1,"16 slots, GPU links on, thinking-switch template, session 5",long_context_sampled,1.0,0.95,off,1,"on, effort max",4,56398,2000,,,23.982,no_overlap
jovian_r281_16_topk,Jovian Judgement r28.1,"16 slots, GPU links on, thinking-switch template, session 5",long_context_sampled,1.0,0.95,off,1,"on, effort max",8,56398,2000,,,49.936,no_overlap
jovian_r281_16_topk,Jovian Judgement r28.1,"16 slots, GPU links on, thinking-switch template, session 5",long_context_sampled,1.0,0.95,off,1,"on, effort max",16,56398,2000,,,100.715,no_overlap
jovian_r281_16_topk,Jovian Judgement r28.1,"16 slots, GPU links on, thinking-switch template, session 5",long_context_sampled,1.0,0.95,20,2,"on, effort max",4,56398,2000,,,23.929,no_overlap
jovian_r281_16_topk,Jovian Judgement r28.1,"16 slots, GPU links on, thinking-switch template, session 5",long_context_sampled,1.0,0.95,20,2,"on, effort max",8,56398,2000,,,48.966,no_overlap
jovian_r281_16_topk,Jovian Judgement r28.1,"16 slots, GPU links on, thinking-switch template, session 5",long_context_sampled,1.0,0.95,20,2,"on, effort max",16,56398,2000,,,97.633,no_overlap
jovian_r281_16_aligned_topk,Jovian Judgement r28.1,"16 slots, GPU links on, thinking-switch template, checkpoint policy aligned, session 5",long_context_sampled,1.0,0.95,20,1,"on, effort max",4,56398,2000,582.3,142.2,1.141,measured
jovian_r281_16_aligned_topk,Jovian Judgement r28.1,"16 slots, GPU links on, thinking-switch template, checkpoint policy aligned, session 5",long_context_sampled,1.0,0.95,20,1,"on, effort max",8,56398,2000,835.6,102.9,2.533,measured
jovian_r281_16_aligned_topk,Jovian Judgement r28.1,"16 slots, GPU links on, thinking-switch template, checkpoint policy aligned, session 5",long_context_sampled,1.0,0.95,20,1,"on, effort max",16,56398,2000,1130.4,71.2,5.536,measured
jovian_r281_16_aligned_topk,Jovian Judgement r28.1,"16 slots, GPU links on, thinking-switch template, checkpoint policy aligned, session 5",long_context_sampled,1.0,0.95,off,1,"on, effort max",4,56398,2000,563.0,136.2,1.051,measured
jovian_r281_16_aligned_topk,Jovian Judgement r28.1,"16 slots, GPU links on, thinking-switch template, checkpoint policy aligned, session 5",long_context_sampled,1.0,0.95,off,1,"on, effort max",8,56398,2000,796.2,97.6,2.567,measured
jovian_r281_16_aligned_topk,Jovian Judgement r28.1,"16 slots, GPU links on, thinking-switch template, checkpoint policy aligned, session 5",long_context_sampled,1.0,0.95,off,1,"on, effort max",16,56398,2000,1081.7,66.1,5.597,measured
jovian_r281_16_aligned_topk,Jovian Judgement r28.1,"16 slots, GPU links on, thinking-switch template, checkpoint policy aligned, session 5",long_context_sampled,1.0,0.95,20,2,"on, effort max",4,56398,2000,575.1,143.4,1.06,measured
jovian_r281_16_aligned_topk,Jovian Judgement r28.1,"16 slots, GPU links on, thinking-switch template, checkpoint policy aligned, session 5",long_context_sampled,1.0,0.95,20,2,"on, effort max",8,56398,2000,807.8,98.6,2.555,measured
jovian_r281_16_aligned_topk,Jovian Judgement r28.1,"16 slots, GPU links on, thinking-switch template, checkpoint policy aligned, session 5",long_context_sampled,1.0,0.95,20,2,"on, effort max",16,56398,2000,1071.9,66.3,5.649,measured
official_default_16_session5,Official vLLM 0.31.0,"16 slots, default kernels and all-reduce, session 5",long_context_sampled,1.0,0.95,20,1,"on, effort max",4,56398,2000,396.1,99.7,2.813,measured
official_default_16_session5,Official vLLM 0.31.0,"16 slots, default kernels and all-reduce, session 5",long_context_sampled,1.0,0.95,20,1,"on, effort max",8,56398,2000,564.4,68.0,2.623,measured
official_default_16_session5,Official vLLM 0.31.0,"16 slots, default kernels and all-reduce, session 5",long_context_sampled,1.0,0.95,20,1,"on, effort max",16,56398,2000,838.2,50.2,4.587,measured
official_default_16_session5,Official vLLM 0.31.0,"16 slots, default kernels and all-reduce, session 5",long_context_sampled,1.0,0.95,off,1,"on, effort max",4,56398,2000,388.7,95.5,2.864,measured
official_default_16_session5,Official vLLM 0.31.0,"16 slots, default kernels and all-reduce, session 5",long_context_sampled,1.0,0.95,off,1,"on, effort max",8,56398,2000,559.7,67.9,2.627,measured
official_default_16_session5,Official vLLM 0.31.0,"16 slots, default kernels and all-reduce, session 5",long_context_sampled,1.0,0.95,off,1,"on, effort max",16,56397,2000,811.6,49.8,4.578,measured
official_default_16_session5,Official vLLM 0.31.0,"16 slots, default kernels and all-reduce, session 5",long_context_sampled,1.0,0.95,20,2,"on, effort max",4,56398,2000,384.0,95.6,1.61,measured
official_default_16_session5,Official vLLM 0.31.0,"16 slots, default kernels and all-reduce, session 5",long_context_sampled,1.0,0.95,20,2,"on, effort max",8,56398,2000,549.4,68.4,2.608,measured
official_default_16_session5,Official vLLM 0.31.0,"16 slots, default kernels and all-reduce, session 5",long_context_sampled,1.0,0.95,20,2,"on, effort max",16,56398,2000,842.9,51.5,4.612,measured
official_pcie_16_session5,Official vLLM 0.31.0,"16 slots, PCIe all-reduce on, sampled drafts, 22 capture sizes, session 5",long_context_sampled,1.0,0.95,20,1,"on, effort max",4,56398,2000,499.3,124.9,2.826,measured
official_pcie_16_session5,Official vLLM 0.31.0,"16 slots, PCIe all-reduce on, sampled drafts, 22 capture sizes, session 5",long_context_sampled,1.0,0.95,20,1,"on, effort max",8,56398,2000,680.9,82.0,2.58,measured
official_pcie_16_session5,Official vLLM 0.31.0,"16 slots, PCIe all-reduce on, sampled drafts, 22 capture sizes, session 5",long_context_sampled,1.0,0.95,20,1,"on, effort max",16,56398,2000,1003.2,62.3,4.548,measured
official_pcie_16_session5,Official vLLM 0.31.0,"16 slots, PCIe all-reduce on, sampled drafts, 22 capture sizes, session 5",long_context_sampled,1.0,0.95,off,1,"on, effort max",4,56397,2000,462.7,118.2,2.776,measured
official_pcie_16_session5,Official vLLM 0.31.0,"16 slots, PCIe all-reduce on, sampled drafts, 22 capture sizes, session 5",long_context_sampled,1.0,0.95,off,1,"on, effort max",8,56398,2000,638.6,78.3,2.584,measured
official_pcie_16_session5,Official vLLM 0.31.0,"16 slots, PCIe all-reduce on, sampled drafts, 22 capture sizes, session 5",long_context_sampled,1.0,0.95,off,1,"on, effort max",16,56398,2000,980.2,58.4,4.552,measured
official_pcie_16_session5,Official vLLM 0.31.0,"16 slots, PCIe all-reduce on, sampled drafts, 22 capture sizes, session 5",long_context_sampled,1.0,0.95,20,2,"on, effort max",4,56398,2000,445.8,111.3,1.583,measured
official_pcie_16_session5,Official vLLM 0.31.0,"16 slots, PCIe all-reduce on, sampled drafts, 22 capture sizes, session 5",long_context_sampled,1.0,0.95,20,2,"on, effort max",8,56398,2000,639.7,81.3,2.591,measured
official_pcie_16_session5,Official vLLM 0.31.0,"16 slots, PCIe all-reduce on, sampled drafts, 22 capture sizes, session 5",long_context_sampled,1.0,0.95,20,2,"on, effort max",16,56398,2000,953.1,58.5,4.557,measured
jovian_r38_16_topk,Jovian Judgement r38,"16 slots, GPU links on, thinking-switch template, session 6",long_context_sampled,1.0,0.95,20,1,"on, effort max",4,56398,2000,,,24.042,no_overlap
jovian_r38_16_topk,Jovian Judgement r38,"16 slots, GPU links on, thinking-switch template, session 6",long_context_sampled,1.0,0.95,20,1,"on, effort max",8,56398,2000,,,46.036,no_overlap
jovian_r38_16_topk,Jovian Judgement r38,"16 slots, GPU links on, thinking-switch template, session 6",long_context_sampled,1.0,0.95,20,1,"on, effort max",16,56398,2000,,,95.223,no_overlap
jovian_r38_16_aligned_topk,Jovian Judgement r38,"16 slots, GPU links on, thinking-switch template, checkpoint policy aligned, session 6",long_context_sampled,1.0,0.95,20,1,"on, effort max",4,56398,2000,590.6,147.8,1.311,measured
jovian_r38_16_aligned_topk,Jovian Judgement r38,"16 slots, GPU links on, thinking-switch template, checkpoint policy aligned, session 6",long_context_sampled,1.0,0.95,20,1,"on, effort max",8,56398,2000,803.5,98.6,2.867,measured
jovian_r38_16_aligned_topk,Jovian Judgement r38,"16 slots, GPU links on, thinking-switch template, checkpoint policy aligned, session 6",long_context_sampled,1.0,0.95,20,1,"on, effort max",16,56398,2000,1099.4,66.6,5.523,measured
jovian_r38_16_aligned_topk,Jovian Judgement r38,"16 slots, GPU links on, thinking-switch template, checkpoint policy aligned, session 6",long_context_sampled,1.0,0.95,off,1,"on, effort max",4,56398,2000,590.5,149.2,1.025,measured
jovian_r38_16_aligned_topk,Jovian Judgement r38,"16 slots, GPU links on, thinking-switch template, checkpoint policy aligned, session 6",long_context_sampled,1.0,0.95,off,1,"on, effort max",8,56398,2000,818.7,99.1,2.509,measured
jovian_r38_16_aligned_topk,Jovian Judgement r38,"16 slots, GPU links on, thinking-switch template, checkpoint policy aligned, session 6",long_context_sampled,1.0,0.95,off,1,"on, effort max",16,56398,2000,1072.0,65.7,5.5,measured
jovian_r38_16_aligned_topk,Jovian Judgement r38,"16 slots, GPU links on, thinking-switch template, checkpoint policy aligned, session 6",long_context_sampled,1.0,0.95,20,2,"on, effort max",4,56398,2000,548.4,136.3,1.037,measured
jovian_r38_16_aligned_topk,Jovian Judgement r38,"16 slots, GPU links on, thinking-switch template, checkpoint policy aligned, session 6",long_context_sampled,1.0,0.95,20,2,"on, effort max",8,56398,2000,805.4,100.3,2.57,measured
jovian_r38_16_aligned_topk,Jovian Judgement r38,"16 slots, GPU links on, thinking-switch template, checkpoint policy aligned, session 6",long_context_sampled,1.0,0.95,20,2,"on, effort max",16,56398,2000,1081.4,66.6,5.68,measured
vllm_links_on_16_session6_topk,Jovian Judgement r24,"16 slots, GPU links on, thinking-switch template, session 6",long_context_sampled,1.0,0.95,20,1,"on, effort max",4,56397,2000,570.6,145.6,1.083,measured
vllm_links_on_16_session6_topk,Jovian Judgement r24,"16 slots, GPU links on, thinking-switch template, session 6",long_context_sampled,1.0,0.95,20,1,"on, effort max",8,56397,2000,809.9,98.9,2.568,measured
vllm_links_on_16_session6_topk,Jovian Judgement r24,"16 slots, GPU links on, thinking-switch template, session 6",long_context_sampled,1.0,0.95,20,1,"on, effort max",16,56397,2000,1102.0,67.4,5.658,measured
vllm_links_on_16_session6_topk,Jovian Judgement r24,"16 slots, GPU links on, thinking-switch template, session 6",long_context_sampled,1.0,0.95,off,1,"on, effort max",4,56397,2000,555.0,137.6,1.091,measured
vllm_links_on_16_session6_topk,Jovian Judgement r24,"16 slots, GPU links on, thinking-switch template, session 6",long_context_sampled,1.0,0.95,off,1,"on, effort max",8,56397,2000,791.3,96.8,2.579,measured
vllm_links_on_16_session6_topk,Jovian Judgement r24,"16 slots, GPU links on, thinking-switch template, session 6",long_context_sampled,1.0,0.95,off,1,"on, effort max",16,56397,2000,1064.0,65.6,5.71,measured
vllm_links_on_16_session6_topk,Jovian Judgement r24,"16 slots, GPU links on, thinking-switch template, session 6",long_context_sampled,1.0,0.95,20,2,"on, effort max",4,56397,2000,560.7,140.2,1.078,measured
vllm_links_on_16_session6_topk,Jovian Judgement r24,"16 slots, GPU links on, thinking-switch template, session 6",long_context_sampled,1.0,0.95,20,2,"on, effort max",8,56397,2000,783.5,98.4,2.612,measured
vllm_links_on_16_session6_topk,Jovian Judgement r24,"16 slots, GPU links on, thinking-switch template, session 6",long_context_sampled,1.0,0.95,20,2,"on, effort max",16,56397,2000,1094.5,68.5,5.732,measured
vllm_links_on_8_session5,Jovian Judgement r24,"8 slots, GPU links on, stock template, session 5",long_context_sampled_system_message,1.0,0.95,20,1,"on, effort max",4,56398,2000,587.3,146.8,1.096,measured
vllm_links_on_8_session5,Jovian Judgement r24,"8 slots, GPU links on, stock template, session 5",long_context_sampled_system_message,1.0,0.95,20,1,"on, effort max",8,56398,2000,848.7,106.0,2.496,measured
vllm_links_on_8_session5,Jovian Judgement r24,"8 slots, GPU links on, stock template, session 5",long_context_sampled_system_message,1.0,0.95,off,1,"on, effort max",4,56398,2000,577.7,144.9,1.065,measured
vllm_links_on_8_session5,Jovian Judgement r24,"8 slots, GPU links on, stock template, session 5",long_context_sampled_system_message,1.0,0.95,off,1,"on, effort max",8,56398,2000,794.2,97.8,2.51,measured
vllm_links_on_8_session5,Jovian Judgement r24,"8 slots, GPU links on, stock template, session 5",long_context_sampled_system_message,1.0,1.0,off,1,"on, effort max",4,56398,2000,556.4,137.8,1.084,measured
vllm_links_on_8_session5,Jovian Judgement r24,"8 slots, GPU links on, stock template, session 5",long_context_sampled_system_message,1.0,1.0,off,1,"on, effort max",8,56398,2000,805.2,97.6,2.524,measured
vllm_links_on_8_session5,Jovian Judgement r24,"8 slots, GPU links on, stock template, session 5",long_context_sampled_system_message,1.0,0.95,20,2,"on, effort max",4,56398,2000,575.1,146.3,1.062,measured
vllm_links_on_8_session5,Jovian Judgement r24,"8 slots, GPU links on, stock template, session 5",long_context_sampled_system_message,1.0,0.95,20,2,"on, effort max",8,56398,2000,817.0,100.2,2.536,measured
jovian_r281_8,Jovian Judgement r28.1,"8 slots, GPU links on, stock template, session 5",long_context_sampled_system_message,1.0,0.95,20,1,"on, effort max",4,56398,2000,593.5,150.1,0.71,measured
jovian_r281_8,Jovian Judgement r28.1,"8 slots, GPU links on, stock template, session 5",long_context_sampled_system_message,1.0,0.95,20,1,"on, effort max",8,56398,2000,836.6,104.9,1.149,measured
jovian_r281_8,Jovian Judgement r28.1,"8 slots, GPU links on, stock template, session 5",long_context_sampled_system_message,1.0,0.95,off,1,"on, effort max",4,56398,2000,592.8,147.4,1.077,measured
jovian_r281_8,Jovian Judgement r28.1,"8 slots, GPU links on, stock template, session 5",long_context_sampled_system_message,1.0,0.95,off,1,"on, effort max",8,56398,2000,820.5,103.2,1.161,measured
jovian_r281_8,Jovian Judgement r28.1,"8 slots, GPU links on, stock template, session 5",long_context_sampled_system_message,1.0,1.0,off,1,"on, effort max",4,56398,2000,570.9,141.8,0.64,measured
jovian_r281_8,Jovian Judgement r28.1,"8 slots, GPU links on, stock template, session 5",long_context_sampled_system_message,1.0,1.0,off,1,"on, effort max",8,56398,2000,797.6,101.1,1.145,measured
jovian_r281_8,Jovian Judgement r28.1,"8 slots, GPU links on, stock template, session 5",long_context_sampled_system_message,1.0,0.95,20,2,"on, effort max",4,56398,2000,569.9,142.8,0.669,measured
jovian_r281_8,Jovian Judgement r28.1,"8 slots, GPU links on, stock template, session 5",long_context_sampled_system_message,1.0,0.95,20,2,"on, effort max",8,56398,2000,814.0,100.1,1.279,measured
jovian_r281_16_aligned,Jovian Judgement r28.1,"16 slots, GPU links on, thinking-switch template, checkpoint policy aligned, session 5",long_context_sampled_system_message,1.0,0.95,20,1,"on, effort max",4,56398,2000,591.3,148.2,1.069,measured
jovian_r281_16_aligned,Jovian Judgement r28.1,"16 slots, GPU links on, thinking-switch template, checkpoint policy aligned, session 5",long_context_sampled_system_message,1.0,0.95,20,1,"on, effort max",8,56398,2000,801.3,100.5,2.577,measured
jovian_r281_16_aligned,Jovian Judgement r28.1,"16 slots, GPU links on, thinking-switch template, checkpoint policy aligned, session 5",long_context_sampled_system_message,1.0,0.95,20,1,"on, effort max",16,56398,2000,1107.0,66.6,5.661,measured
jovian_r38_8,Jovian Judgement r38,"8 slots, GPU links on, stock template, session 6",long_context_sampled_system_message,1.0,0.95,20,1,"on, effort max",4,56398,2000,582.4,144.0,1.446,measured
jovian_r38_8,Jovian Judgement r38,"8 slots, GPU links on, stock template, session 6",long_context_sampled_system_message,1.0,0.95,20,1,"on, effort max",8,56398,2000,812.7,100.3,1.623,measured
jovian_r38_8,Jovian Judgement r38,"8 slots, GPU links on, stock template, session 6",long_context_sampled_system_message,1.0,0.95,off,1,"on, effort max",4,56398,2000,570.2,141.1,0.812,measured
jovian_r38_8,Jovian Judgement r38,"8 slots, GPU links on, stock template, session 6",long_context_sampled_system_message,1.0,0.95,off,1,"on, effort max",8,56398,2000,831.7,97.3,1.611,measured
jovian_r38_8,Jovian Judgement r38,"8 slots, GPU links on, stock template, session 6",long_context_sampled_system_message,1.0,1.0,off,1,"on, effort max",4,56398,2000,589.9,146.8,0.766,measured
jovian_r38_8,Jovian Judgement r38,"8 slots, GPU links on, stock template, session 6",long_context_sampled_system_message,1.0,1.0,off,1,"on, effort max",8,56398,2000,801.7,98.7,1.656,measured
jovian_r38_8,Jovian Judgement r38,"8 slots, GPU links on, stock template, session 6",long_context_sampled_system_message,1.0,0.95,20,2,"on, effort max",4,56398,2000,580.2,137.8,0.684,measured
jovian_r38_8,Jovian Judgement r38,"8 slots, GPU links on, stock template, session 6",long_context_sampled_system_message,1.0,0.95,20,2,"on, effort max",8,56398,2000,819.9,102.4,1.272,measured
jovian_r38_16_aligned,Jovian Judgement r38,"16 slots, GPU links on, thinking-switch template, checkpoint policy aligned, session 6",long_context_sampled_system_message,1.0,0.95,20,1,"on, effort max",4,56398,2000,558.7,136.8,1.053,measured
jovian_r38_16_aligned,Jovian Judgement r38,"16 slots, GPU links on, thinking-switch template, checkpoint policy aligned, session 6",long_context_sampled_system_message,1.0,0.95,20,1,"on, effort max",8,56398,2000,793.2,94.7,2.56,measured
jovian_r38_16_aligned,Jovian Judgement r38,"16 slots, GPU links on, thinking-switch template, checkpoint policy aligned, session 6",long_context_sampled_system_message,1.0,0.95,20,1,"on, effort max",16,56398,2000,1095.7,66.8,5.589,measured
