arm,settings,probe,temperature,top_p,top_k,pass,thinking,concurrency,context_tokens,output_tokens,total_tok_s,median_stream_tok_s,median_ttft_s,status
fork-sampler,GPU sampler for rows with no top_k,long_context_sampled,1.0,0.95,20,1,"on, effort max",4,56398,2000,466.8,118.5,0.549,measured
fork-sampler,GPU sampler for rows with no top_k,long_context_sampled,1.0,0.95,20,1,"on, effort max",8,56398,2000,631.1,78.9,1.254,measured
fork-sampler,GPU sampler for rows with no top_k,long_context_sampled,1.0,0.95,20,1,"on, effort max",16,56398,2000,794.2,47.0,2.162,measured
fork-sampler,GPU sampler for rows with no top_k,long_context_sampled,1.0,0.95,off,1,"on, effort max",4,56398,2000,417.8,104.3,23.704,measured
fork-sampler,GPU sampler for rows with no top_k,long_context_sampled,1.0,0.95,off,1,"on, effort max",8,56398,2000,645.5,80.7,1.25,measured
fork-sampler,GPU sampler for rows with no top_k,long_context_sampled,1.0,0.95,off,1,"on, effort max",16,56398,2000,787.0,49.6,2.056,measured
fork-sampler,GPU sampler for rows with no top_k,long_context_sampled,1.0,1.0,off,1,"on, effort max",4,56398,2000,423.4,102.9,0.551,measured
fork-sampler,GPU sampler for rows with no top_k,long_context_sampled,1.0,1.0,off,1,"on, effort max",8,56398,2000,618.6,77.2,1.131,measured
fork-sampler,GPU sampler for rows with no top_k,long_context_sampled,1.0,1.0,off,1,"on, effort max",12,56398,2000,711.3,55.2,1.639,measured
fork-sampler,GPU sampler for rows with no top_k,long_context_sampled,1.0,1.0,off,1,"on, effort max",16,56398,2000,773.4,46.7,2.162,measured
fork-sampler,GPU sampler for rows with no top_k,short_context_sampled,1.0,1.0,off,1,"on, effort max",4,1042,400,759.7,167.5,0.646,measured
fork-s+block4,"GPU sampler, draft block of 4 rows",long_context_sampled,1.0,0.95,20,1,"on, effort max",4,56398,2000,455.7,110.5,23.71,measured
fork-s+block4,"GPU sampler, draft block of 4 rows",long_context_sampled,1.0,0.95,20,1,"on, effort max",8,56398,2000,623.9,77.0,1.206,measured
fork-s+block4,"GPU sampler, draft block of 4 rows",long_context_sampled,1.0,0.95,20,1,"on, effort max",16,56398,2000,803.1,48.7,2.282,measured
fork-s+depth,"GPU sampler, draft depth scale 0.25",long_context_sampled,1.0,0.95,20,1,"on, effort max",4,56398,2000,415.9,103.2,24.435,measured
fork-s+depth,"GPU sampler, draft depth scale 0.25",long_context_sampled,1.0,0.95,20,1,"on, effort max",8,56398,2000,636.3,78.6,1.183,measured
fork-s+depth,"GPU sampler, draft depth scale 0.25",long_context_sampled,1.0,0.95,20,1,"on, effort max",16,56398,2000,815.5,51.4,2.187,measured
fork-s+l2pf,"GPU sampler, weight prefetch for 128 rows",long_context_sampled,1.0,0.95,20,1,"on, effort max",4,56398,2000,451.8,114.6,23.568,measured
fork-s+l2pf,"GPU sampler, weight prefetch for 128 rows",long_context_sampled,1.0,0.95,20,1,"on, effort max",8,56398,2000,684.2,79.8,1.117,measured
fork-s+l2pf,"GPU sampler, weight prefetch for 128 rows",long_context_sampled,1.0,0.95,20,1,"on, effort max",16,56398,2000,811.8,49.0,2.16,measured
fork-s+graphstep,"GPU sampler, one CUDA graph for each batch width",long_context_sampled,1.0,0.95,20,1,"on, effort max",4,56398,2000,480.3,119.6,24.082,measured
fork-s+graphstep,"GPU sampler, one CUDA graph for each batch width",long_context_sampled,1.0,0.95,20,1,"on, effort max",8,56398,2000,645.0,80.9,1.188,measured
fork-s+graphstep,"GPU sampler, one CUDA graph for each batch width",long_context_sampled,1.0,0.95,20,1,"on, effort max",16,56398,2000,808.8,46.8,2.131,measured
fork-s+prof,"GPU sampler, segment profiler on",long_context_sampled,1.0,0.95,20,1,"on, effort max",4,56398,2000,499.7,123.1,29.804,measured
fork-s+prof,"GPU sampler, segment profiler on",long_context_sampled,1.0,0.95,20,1,"on, effort max",8,56398,2000,659.7,79.1,1.314,measured
fork-s+prof,"GPU sampler, segment profiler on",long_context_sampled,1.0,0.95,20,1,"on, effort max",16,56398,2000,791.2,48.0,2.293,measured
fork-s+prof,"GPU sampler, segment profiler on",greedy_1k,0.0,1.0,off,1,off,1,1036,400,300.7,300.7,0.35,measured
fork-s+prof,"GPU sampler, segment profiler on",greedy_1k,0.0,1.0,off,1,off,8,1036,400,761.7,93.2,0.749,measured
fork-s+prof,"GPU sampler, segment profiler on",greedy_1k,0.0,1.0,off,1,off,12,1036,400,859.8,71.2,0.398,measured
fork-s+prof,"GPU sampler, segment profiler on",greedy_1k,0.0,1.0,off,1,off,16,1036,400,984.7,60.0,0.456,measured
fork-s+ipc,"GPU sampler, IPC all-gathers",long_context_sampled,1.0,0.95,20,1,"on, effort max",4,56398,2000,494.1,123.4,23.662,measured
fork-s+ipc,"GPU sampler, IPC all-gathers",long_context_sampled,1.0,0.95,20,1,"on, effort max",8,56398,2000,679.5,83.1,1.28,measured
fork-s+ipc,"GPU sampler, IPC all-gathers",long_context_sampled,1.0,0.95,20,1,"on, effort max",16,56398,2000,814.5,50.8,2.19,measured
fork-s+ipc,"GPU sampler, IPC all-gathers",greedy_1k,0.0,1.0,off,1,off,1,1036,400,243.2,243.2,0.305,measured
fork-s+ipc,"GPU sampler, IPC all-gathers",greedy_1k,0.0,1.0,off,1,off,8,1036,400,762.3,93.0,0.345,measured
fork-s+ipc,"GPU sampler, IPC all-gathers",greedy_1k,0.0,1.0,off,1,off,12,1036,400,891.4,74.3,0.387,measured
fork-s+ipc,"GPU sampler, IPC all-gathers",greedy_1k,0.0,1.0,off,1,off,16,1036,400,990.9,59.4,0.483,measured
fork-best,"GPU sampler, burst reuse, IPC all-gathers",long_context_sampled,1.0,0.95,20,1,"on, effort max",4,56398,2000,483.5,117.9,7.769,measured
fork-best,"GPU sampler, burst reuse, IPC all-gathers",long_context_sampled,1.0,0.95,20,1,"on, effort max",8,56398,2000,648.5,80.7,1.325,measured
fork-best,"GPU sampler, burst reuse, IPC all-gathers",long_context_sampled,1.0,0.95,20,1,"on, effort max",16,56398,2000,794.6,48.0,2.581,measured
fork-best,"GPU sampler, burst reuse, IPC all-gathers",long_context_sampled,1.0,0.95,20,2,"on, effort max",4,56398,2000,443.6,113.5,0.598,measured
fork-best,"GPU sampler, burst reuse, IPC all-gathers",long_context_sampled,1.0,0.95,20,2,"on, effort max",8,56398,2000,641.8,76.2,1.321,measured
fork-best,"GPU sampler, burst reuse, IPC all-gathers",long_context_sampled,1.0,0.95,20,2,"on, effort max",16,56398,2000,799.6,49.9,2.498,measured
fork-best,"GPU sampler, burst reuse, IPC all-gathers",long_context_sampled,1.0,0.95,off,1,"on, effort max",4,56398,2000,475.4,105.5,0.633,measured
fork-best,"GPU sampler, burst reuse, IPC all-gathers",long_context_sampled,1.0,0.95,off,1,"on, effort max",8,56398,2000,650.3,79.3,1.337,measured
fork-best,"GPU sampler, burst reuse, IPC all-gathers",long_context_sampled,1.0,0.95,off,1,"on, effort max",16,56398,2000,806.3,48.9,2.718,measured
fork-best,"GPU sampler, burst reuse, IPC all-gathers",long_context_sampled,1.0,1.0,off,1,"on, effort max",4,56398,2000,390.7,95.1,0.595,measured
fork-best,"GPU sampler, burst reuse, IPC all-gathers",long_context_sampled,1.0,1.0,off,1,"on, effort max",8,56398,2000,640.1,77.9,1.278,measured
fork-best,"GPU sampler, burst reuse, IPC all-gathers",long_context_sampled,1.0,1.0,off,1,"on, effort max",12,56398,2000,691.0,58.3,1.954,measured
fork-best,"GPU sampler, burst reuse, IPC all-gathers",long_context_sampled,1.0,1.0,off,1,"on, effort max",16,56398,2000,786.8,46.7,2.682,measured
fork-best,"GPU sampler, burst reuse, IPC all-gathers",greedy_1k,0.0,1.0,off,1,off,1,1036,400,218.6,218.6,0.336,measured
fork-best,"GPU sampler, burst reuse, IPC all-gathers",greedy_1k,0.0,1.0,off,1,off,8,1036,400,761.2,94.3,0.392,measured
fork-best,"GPU sampler, burst reuse, IPC all-gathers",greedy_1k,0.0,1.0,off,1,off,12,1036,400,888.5,73.7,0.437,measured
fork-best,"GPU sampler, burst reuse, IPC all-gathers",greedy_1k,0.0,1.0,off,1,off,16,1036,400,1032.5,63.5,0.519,measured
