run,top_p,top_k,pass,concurrency,all_requests_found_the_context,probe_total_tok_s,log_sum_of_request_tok_s,probe_percent_of_log
tensorfold_session3,0.95,20,1,4,False,479.5,358.3,133.8
tensorfold_session3,0.95,20,1,8,True,656.4,671.4,97.8
tensorfold_session3,0.95,20,1,16,True,781.6,831.5,94.0
tensorfold_session3,0.95,off,1,4,True,325.5,336.6,96.7
tensorfold_session3,0.95,off,1,8,True,420.6,442.7,95.0
tensorfold_session3,0.95,off,1,16,True,483.7,508.4,95.1
tensorfold_session3,0.95,20,2,4,True,463.2,485.6,95.4
tensorfold_session3,0.95,20,2,8,True,677.8,715.9,94.7
tensorfold_session3,0.95,20,2,16,True,774.9,793.9,97.6
tensorfold_modified_best,0.95,20,1,4,False,483.5,497.7,97.1
tensorfold_modified_best,0.95,20,1,8,True,648.5,662.1,97.9
tensorfold_modified_best,0.95,20,1,16,True,794.6,832.6,95.4
tensorfold_modified_best,0.95,off,1,4,True,475.4,492.8,96.5
tensorfold_modified_best,0.95,off,1,8,True,650.3,675.0,96.3
tensorfold_modified_best,0.95,off,1,16,True,806.3,837.7,96.3
tensorfold_modified_best,1.0,off,1,4,True,390.7,400.0,97.7
tensorfold_modified_best,1.0,off,1,8,True,640.1,656.9,97.4
tensorfold_modified_best,1.0,off,1,12,True,691.0,714.2,96.8
tensorfold_modified_best,1.0,off,1,16,True,786.8,820.4,95.9
tensorfold_modified_best,0.95,20,2,4,True,443.6,453.1,97.9
tensorfold_modified_best,0.95,20,2,8,True,641.8,666.0,96.4
tensorfold_modified_best,0.95,20,2,16,True,799.6,839.6,95.2
