context_tokens,requests_in_the_wave,rounds_from_more_than_one_wave,profiled_rounds,rows_a_round,verify_gpu_ms,experts_ms,shared_ms,dsa_ms,kda_ms,dense_ms,head_ms,exchange_ms,glue_ms,sampler_span_ms,commit_span_ms
56397,4,True,40,9.9,19.92,5.9,0.67,5.37,0.59,1.9,0.14,3.62,1.73,0.35,0.28
56397,4,False,40,15.2,23.15,7.92,0.67,5.78,0.67,1.97,0.15,4.24,1.74,0.41,0.32
56397,4,False,40,17.5,24.53,8.8,0.7,5.98,0.71,2.08,0.15,4.36,1.75,0.39,0.29
56398,4,False,40,12.2,21.38,6.86,0.66,5.55,0.62,1.93,0.14,3.88,1.73,0.35,0.31
56397,4,False,40,5.5,16.61,3.98,0.66,5.01,0.5,1.83,0.14,2.67,1.82,0.19,0.2
56397,8,True,40,16.3,22.77,7.07,1.63,6.06,0.7,2.21,0.16,4.05,0.9,0.44,0.31
56397,8,False,40,27.3,30.33,11.37,1.72,6.98,0.92,2.38,0.16,5.96,0.84,0.66,0.38
56397,8,False,40,31.2,32.93,12.16,3.87,7.5,0.97,2.77,0.18,6.7,-1.23,0.72,0.44
56397,8,False,40,29.1,31.42,11.71,2.67,7.18,0.93,2.55,0.17,6.29,-0.08,0.69,0.44
56398,8,False,40,18.5,25.01,8.81,0.67,6.05,0.75,2.08,0.15,4.77,1.73,0.51,0.36
56397,16,True,40,20.4,25.7,7.3,2.64,7.25,0.76,2.63,0.18,4.9,0.04,0.53,0.36
56397,16,False,40,55.6,49.64,16.95,8.84,12.56,1.42,4.28,0.26,11.0,-5.67,1.25,0.64
56397,16,False,40,59.5,53.22,18.04,8.63,13.46,1.46,4.52,0.28,12.23,-5.39,1.27,0.66
56397,16,False,40,56.8,51.06,17.43,9.1,12.85,1.42,4.17,0.26,11.76,-5.93,1.26,0.65
56397,16,False,40,50.1,46.58,16.03,9.52,11.38,1.33,3.92,0.25,10.67,-6.52,1.15,0.63
56398,1,True,40,16.7,23.46,7.77,1.43,5.66,0.7,2.15,0.16,4.58,1.01,0.47,0.31
1036,8,True,40,15.8,19.04,7.36,1.01,2.0,0.7,2.05,0.15,4.38,1.39,0.37,0.3
1035,12,True,40,29.8,26.94,11.15,3.94,2.6,0.97,2.82,0.19,6.65,-1.37,0.68,0.4
1036,16,True,40,39.9,31.26,12.63,6.57,3.03,1.15,3.38,0.22,8.05,-3.77,0.84,0.48
