run_a,run_b,data_set,tests,tasks,both_pass,only_a_passes,only_b_passes,neither_passes,exact_mcnemar_p,b_minus_a_percentage_points,difference_ci95_low,difference_ci95_high
tensorfold,vllm_links_on_8,HumanEval+,base tests,164,162,0,0,2,1.0,0.0,0.0,0.0
tensorfold,vllm_links_on_8,HumanEval+,all tests,164,152,0,4,8,0.125,2.439,0.0782,4.7999
tensorfold,vllm_links_on_8,MBPP+,base tests,378,363,6,7,2,1.0,0.2646,-1.6048,2.1339
tensorfold,vllm_links_on_8,MBPP+,all tests,378,310,13,12,43,1.0,-0.2646,-2.857,2.3279
tensorfold,vllm_links_on_8,both,base tests,542,525,6,7,4,1.0,0.1845,-1.1192,1.4882
tensorfold,vllm_links_on_8,both,all tests,542,462,13,16,51,0.7111,0.5535,-1.3933,2.5003
tensorfold,tensorfold_modified_best,HumanEval+,base tests,164,162,0,0,2,1.0,0.0,0.0,0.0
tensorfold,tensorfold_modified_best,HumanEval+,all tests,164,152,0,0,12,1.0,0.0,0.0,0.0
tensorfold,tensorfold_modified_best,MBPP+,base tests,378,369,0,1,8,1.0,0.2646,-0.2533,0.7824
tensorfold,tensorfold_modified_best,MBPP+,all tests,378,322,1,2,53,1.0,0.2646,-0.6331,1.1622
tensorfold,tensorfold_modified_best,both,base tests,542,531,0,1,10,1.0,0.1845,-0.1768,0.5458
tensorfold,tensorfold_modified_best,both,all tests,542,474,1,2,65,1.0,0.1845,-0.4416,0.8106
tensorfold_modified_best,vllm_links_on_8,HumanEval+,base tests,164,162,0,0,2,1.0,0.0,0.0,0.0
tensorfold_modified_best,vllm_links_on_8,HumanEval+,all tests,164,152,0,4,8,0.125,2.439,0.0782,4.7999
tensorfold_modified_best,vllm_links_on_8,MBPP+,base tests,378,364,6,6,2,1.0,0.0,-1.7962,1.7962
tensorfold_modified_best,vllm_links_on_8,MBPP+,all tests,378,312,12,10,44,0.8318,-0.5291,-2.9605,1.9023
tensorfold_modified_best,vllm_links_on_8,both,base tests,542,526,6,6,4,1.0,0.0,-1.2527,1.2527
tensorfold_modified_best,vllm_links_on_8,both,all tests,542,464,12,14,52,0.845,0.369,-1.4746,2.2126
vllm_links_on_8,vllm_links_on_8_run2,HumanEval+,base tests,164,161,1,0,2,1.0,-0.6098,-1.8012,0.5817
vllm_links_on_8,vllm_links_on_8_run2,HumanEval+,all tests,164,153,3,0,8,0.25,-1.8293,-3.8802,0.2217
vllm_links_on_8,vllm_links_on_8_run2,MBPP+,base tests,378,363,7,6,2,1.0,-0.2646,-2.1339,1.6048
vllm_links_on_8,vllm_links_on_8_run2,MBPP+,all tests,378,309,13,13,43,1.0,0.0,-2.6439,2.6439
vllm_links_on_8,vllm_links_on_8_run2,both,base tests,542,524,8,6,4,0.7905,-0.369,-1.7217,0.9837
vllm_links_on_8,vllm_links_on_8_run2,both,all tests,542,462,16,13,51,0.7111,-0.5535,-2.5003,1.3933
vllm_links_on_8,jovian_r281_8,HumanEval+,base tests,164,161,1,0,2,1.0,-0.6098,-1.8012,0.5817
vllm_links_on_8,jovian_r281_8,HumanEval+,all tests,164,153,3,0,8,0.25,-1.8293,-3.8802,0.2217
vllm_links_on_8,jovian_r281_8,MBPP+,base tests,378,364,6,4,4,0.7539,-0.5291,-2.1679,1.1097
vllm_links_on_8,jovian_r281_8,MBPP+,all tests,378,307,15,9,47,0.3075,-1.5873,-4.1224,0.9478
vllm_links_on_8,jovian_r281_8,both,base tests,542,525,7,4,6,0.5488,-0.5535,-1.7519,0.6449
vllm_links_on_8,jovian_r281_8,both,all tests,542,460,18,9,55,0.1221,-1.6605,-3.5343,0.2133
vllm_links_on_8_run2,jovian_r281_8,HumanEval+,base tests,164,161,0,0,3,1.0,0.0,0.0,0.0
vllm_links_on_8_run2,jovian_r281_8,HumanEval+,all tests,164,152,1,1,10,1.0,0.0,-1.6901,1.6901
vllm_links_on_8_run2,jovian_r281_8,MBPP+,base tests,378,362,7,6,3,1.0,-0.2646,-2.1339,1.6048
vllm_links_on_8_run2,jovian_r281_8,MBPP+,all tests,378,306,16,10,46,0.3269,-1.5873,-4.2263,1.0517
vllm_links_on_8_run2,jovian_r281_8,both,base tests,542,523,7,6,6,1.0,-0.1845,-1.4882,1.1192
vllm_links_on_8_run2,jovian_r281_8,both,all tests,542,458,17,11,56,0.3449,-1.107,-3.0182,0.8042
vllm_links_on_8,official_default_16,HumanEval+,base tests,164,161,1,0,2,1.0,-0.6098,-1.8012,0.5817
vllm_links_on_8,official_default_16,HumanEval+,all tests,164,154,2,1,7,1.0,-0.6098,-2.6776,1.4581
vllm_links_on_8,official_default_16,MBPP+,base tests,378,363,7,6,2,1.0,-0.2646,-2.1339,1.6048
vllm_links_on_8,official_default_16,MBPP+,all tests,378,309,13,15,41,0.8506,0.5291,-2.2141,3.2723
vllm_links_on_8,official_default_16,both,base tests,542,524,8,6,4,0.7905,-0.369,-1.7217,0.9837
vllm_links_on_8,official_default_16,both,all tests,542,463,15,16,48,1.0,0.1845,-1.8288,2.1978
tensorfold,official_default_16,HumanEval+,base tests,164,161,1,0,2,1.0,-0.6098,-1.8012,0.5817
tensorfold,official_default_16,HumanEval+,all tests,164,151,1,4,8,0.375,1.8293,-0.8284,4.4869
tensorfold,official_default_16,MBPP+,base tests,378,363,6,6,3,1.0,0.0,-1.7962,1.7962
tensorfold,official_default_16,MBPP+,all tests,378,309,14,15,40,1.0,0.2646,-2.5276,3.0567
tensorfold,official_default_16,both,base tests,542,524,7,6,5,1.0,-0.1845,-1.4882,1.1192
tensorfold,official_default_16,both,all tests,542,460,15,19,48,0.6076,0.738,-1.3696,2.8457
vllm_links_on_8,jovian_r38_8,HumanEval+,base tests,164,162,0,1,1,1.0,0.6098,-0.5817,1.8012
vllm_links_on_8,jovian_r38_8,HumanEval+,all tests,164,154,2,1,7,1.0,-0.6098,-2.6776,1.4581
vllm_links_on_8,jovian_r38_8,MBPP+,base tests,378,360,10,5,3,0.3018,-1.3228,-3.3265,0.681
vllm_links_on_8,jovian_r38_8,MBPP+,all tests,378,305,17,12,44,0.4583,-1.3228,-4.1118,1.4663
vllm_links_on_8,jovian_r38_8,both,base tests,542,522,10,6,4,0.4545,-0.738,-2.1831,0.7071
vllm_links_on_8,jovian_r38_8,both,all tests,542,459,19,13,51,0.3771,-1.107,-3.1505,0.9365
vllm_links_on_8_run2,jovian_r38_8,HumanEval+,base tests,164,161,0,2,1,0.5,1.2195,-0.4603,2.8993
vllm_links_on_8_run2,jovian_r38_8,HumanEval+,all tests,164,152,1,3,8,0.625,1.2195,-1.1634,3.6024
vllm_links_on_8_run2,jovian_r38_8,MBPP+,base tests,378,360,9,5,4,0.424,-1.0582,-2.9953,0.8789
vllm_links_on_8_run2,jovian_r38_8,MBPP+,all tests,378,307,15,10,46,0.4244,-1.3228,-3.9119,1.2664
vllm_links_on_8_run2,jovian_r38_8,both,base tests,542,521,9,7,5,0.8036,-0.369,-1.8151,1.0771
vllm_links_on_8_run2,jovian_r38_8,both,all tests,542,459,16,13,54,0.7111,-0.5535,-2.5003,1.3933
jovian_r281_8,jovian_r38_8,HumanEval+,base tests,164,161,0,2,1,0.5,1.2195,-0.4603,2.8993
jovian_r281_8,jovian_r38_8,HumanEval+,all tests,164,151,2,4,7,0.6875,1.2195,-1.7019,4.1409
jovian_r281_8,jovian_r38_8,MBPP+,base tests,378,360,8,5,5,0.5811,-0.7937,-2.6614,1.0741
jovian_r281_8,jovian_r38_8,MBPP+,all tests,378,306,10,11,51,1.0,0.2646,-2.1114,2.6405
jovian_r281_8,jovian_r38_8,both,base tests,542,521,8,7,6,1.0,-0.1845,-1.585,1.2159
jovian_r281_8,jovian_r38_8,both,all tests,542,457,12,15,58,0.7011,0.5535,-1.3249,2.4319
