server,configuration,first_length,last_length,lengths_are_a_multiple_of_4,prompts,mean_probability_of_the_correct_token,correct_first_choice_percent
Jovian Judgement r24,"8 slots, GPU links on, stock template",8,15,True,30,0.7164,80.0
Jovian Judgement r24,"8 slots, GPU links on, stock template",8,15,False,90,0.7837,86.7
Jovian Judgement r24,"8 slots, GPU links on, stock template",96,103,True,30,0.9952,100.0
Jovian Judgement r24,"8 slots, GPU links on, stock template",96,103,False,90,0.9978,100.0
Jovian Judgement r24,"8 slots, GPU links on, stock template",508,515,True,30,0.9998,100.0
Jovian Judgement r24,"8 slots, GPU links on, stock template",508,515,False,90,0.9997,100.0
Jovian Judgement r24,"8 slots, GPU links on, stock template",1020,1027,True,30,0.9998,100.0
Jovian Judgement r24,"8 slots, GPU links on, stock template",1020,1027,False,90,0.9999,100.0
Jovian Judgement r24,"8 slots, GPU links on, stock template",2040,2047,True,30,0.9999,100.0
Jovian Judgement r24,"8 slots, GPU links on, stock template",2040,2047,False,90,0.9999,100.0
Jovian Judgement r24,"8 slots, GPU links on, stock template",2048,2055,True,30,1.0,100.0
Jovian Judgement r24,"8 slots, GPU links on, stock template",2048,2055,False,90,0.9998,100.0
Jovian Judgement r24,"8 slots, GPU links on, stock template",2056,2063,True,30,0.9997,100.0
Jovian Judgement r24,"8 slots, GPU links on, stock template",2056,2063,False,90,0.9999,100.0
Jovian Judgement r24,"8 slots, GPU links on, stock template",3000,3007,True,30,1.0,100.0
Jovian Judgement r24,"8 slots, GPU links on, stock template",3000,3007,False,90,0.9999,100.0
Jovian Judgement r24,"8 slots, GPU links on, stock template",6000,6007,True,30,1.0,100.0
Jovian Judgement r24,"8 slots, GPU links on, stock template",6000,6007,False,90,0.9999,100.0
Jovian Judgement r38,"8 slots, GPU links on, stock template",8,15,True,30,0.7213,83.3
Jovian Judgement r38,"8 slots, GPU links on, stock template",8,15,False,90,0.7796,87.8
Jovian Judgement r38,"8 slots, GPU links on, stock template",96,103,True,30,0.9958,100.0
Jovian Judgement r38,"8 slots, GPU links on, stock template",96,103,False,90,0.9977,100.0
Jovian Judgement r38,"8 slots, GPU links on, stock template",508,515,True,30,0.9997,100.0
Jovian Judgement r38,"8 slots, GPU links on, stock template",508,515,False,90,0.9996,100.0
Jovian Judgement r38,"8 slots, GPU links on, stock template",1020,1027,True,30,0.9998,100.0
Jovian Judgement r38,"8 slots, GPU links on, stock template",1020,1027,False,90,0.9999,100.0
Jovian Judgement r38,"8 slots, GPU links on, stock template",2040,2047,True,30,0.9999,100.0
Jovian Judgement r38,"8 slots, GPU links on, stock template",2040,2047,False,90,0.9999,100.0
Jovian Judgement r38,"8 slots, GPU links on, stock template",2048,2055,True,30,1.0,100.0
Jovian Judgement r38,"8 slots, GPU links on, stock template",2048,2055,False,90,0.9999,100.0
Jovian Judgement r38,"8 slots, GPU links on, stock template",2056,2063,True,30,0.9996,100.0
Jovian Judgement r38,"8 slots, GPU links on, stock template",2056,2063,False,90,0.9999,100.0
Jovian Judgement r38,"8 slots, GPU links on, stock template",3000,3007,True,30,1.0,100.0
Jovian Judgement r38,"8 slots, GPU links on, stock template",3000,3007,False,90,0.9999,100.0
Jovian Judgement r38,"8 slots, GPU links on, stock template",6000,6007,True,30,1.0,100.0
Jovian Judgement r38,"8 slots, GPU links on, stock template",6000,6007,False,90,0.9999,100.0
