run,top_p,top_k,pass,concurrency,all_requests_found_the_context,median_round_ms,min_round_ms,max_round_ms,tokens_a_round,accepted_share_of_draft_tokens
tensorfold_session3,0.95,20,1,4,False,37.2,25.7,50.6,3.15,0.7
tensorfold_session3,0.95,20,1,8,True,35.2,33.1,35.6,2.92,0.71
tensorfold_session3,0.95,20,1,16,True,54.1,50.2,57.3,2.82,0.69
tensorfold_session3,0.95,off,1,4,True,33.6,32.7,34.8,2.84,0.7
tensorfold_session3,0.95,off,1,8,True,49.3,47.5,53.2,2.76,0.69
tensorfold_session3,0.95,off,1,16,True,89.6,79.8,93.4,2.82,0.7
tensorfold_session3,0.95,20,2,4,True,23.9,23.5,25.0,2.94,0.71
tensorfold_session3,0.95,20,2,8,True,34.8,32.3,37.5,3.17,0.72
tensorfold_session3,0.95,20,2,16,True,56.0,47.9,56.9,2.75,0.69
tensorfold_fork_best,0.95,20,1,4,False,24.9,24.4,25.4,3.1,0.73
tensorfold_fork_best,0.95,20,1,8,True,34.5,32.7,35.3,2.84,0.7
tensorfold_fork_best,0.95,20,1,16,True,54.3,49.5,57.2,2.83,0.7
tensorfold_fork_best,0.95,off,1,4,True,25.7,24.2,27.3,3.2,0.75
tensorfold_fork_best,0.95,off,1,8,True,34.9,32.8,36.4,2.94,0.71
tensorfold_fork_best,0.95,off,1,16,True,56.1,51.8,59.1,2.93,0.71
tensorfold_fork_best,1.0,off,1,4,True,24.1,23.9,24.7,2.42,0.69
tensorfold_fork_best,1.0,off,1,8,True,34.3,31.4,35.8,2.81,0.71
tensorfold_fork_best,1.0,off,1,12,True,43.1,40.2,43.7,2.53,0.68
tensorfold_fork_best,1.0,off,1,16,True,51.8,50.0,55.6,2.69,0.69
tensorfold_fork_best,0.95,20,2,4,True,24.7,23.6,24.9,2.77,0.69
tensorfold_fork_best,0.95,20,2,8,True,33.8,31.5,35.0,2.8,0.68
tensorfold_fork_best,0.95,20,2,16,True,56.6,46.7,59.3,2.94,0.71
